<?xml version="1.0" encoding="UTF-8"?>
<addon id="repository.Parrot" name="[COLOR cyan]Parrot[/COLOR] [COLOR yellow]Repository[/COLOR]" provider-name="Parrot Developers" version="1.2.9">
	<extension point="xbmc.addon.repository" name="Parrot Repository" >
			<dir>
				<info compressed="false">https://repo.parrot-developers.workers.dev/addons.xml</info>
				<checksum>https://repo.parrot-developers.workers.dev/addons.xml.md5</checksum>
				<datadir zip="true">https://repo.parrot-developers.workers.dev/zips/</datadir>
			</dir>
			<dir>
				<info compressed="false">https://raw.githubusercontent.com/Gujal00/smrzips/master/addons.xml</info>
				<checksum>https://raw.githubusercontent.com/Gujal00/smrzips/master/addons.xml.md5</checksum>
				<datadir zip="true">https://raw.githubusercontent.com/Gujal00/smrzips/master/zips/</datadir>
			</dir>
			<dir minversion="19.0.0">
				<info compressed="false">https://parrotrepodependencies.pages.dev/Kodi19/addons.xml</info>
				<checksum>https://parrotrepodependencies.pages.dev/Kodi19/addons.xml.md5</checksum>
				<datadir zip="true">https://parrotrepodependencies.pages.dev/Kodi19/zips/</datadir>
			</dir>
			<dir maxversion="18.9.9">
				<info compressed="false">https://parrotrepodependencies.pages.dev/Kodi18/addons.xml</info>
				<checksum>https://parrotrepodependencies.pages.dev/Kodi18/addons.xml.md5</checksum>
				<datadir zip="true">https://parrotrepodependencies.pages.dev/Kodi18/zips/</datadir>
			</dir>
	</extension>
	<extension point="xbmc.addon.metadata">
		<summary lang="en">[COLOR cyan]Parrot[/COLOR] [COLOR yellow]Repository[/COLOR]</summary>
		<description lang="en">[COLOR cyan]Parrot[/COLOR] [COLOR yellow]Repository[/COLOR]</description>
		<platform>all</platform>
		<license>MIT</license>
		<disclaimer lang="en">Kodi Addon Repository.</disclaimer>
		<assets>
			<icon>icon.jpg</icon>
			<fanart>fanart.jpg</fanart>
		</assets>
	</extension>
</addon>
