<?xml version="1.0" encoding="UTF-8"?>
<addon id="plugin.video.external.library"
    version="1.1.2"
    name="External Kodi Videolibrary Client"
    provider-name="Roman V.M.">
  <requires>
    <import addon="xbmc.python" version="3.0.1"/>
    <import addon="script.module.simple-requests"/>
  </requires>
  <extension point="xbmc.python.pluginsource" library="main.py">
    <provides>video</provides>
  </extension>
  <extension point="xbmc.python.script" library="commands.py" />
  <extension point="xbmc.service" library="service.py" />
  <extension point="xbmc.addon.metadata">
    <summary lang="en_GB">Kodi External Video Library</summary>
    <description lang="en_GB">A plugin that allows to browse and play items from a video library on an external Kodi instance.</description>
    <platform>all</platform>
    <license>GPL-3.0-only</license>
    <assets>
      <icon>icon.png</icon>
    </assets>
    <source>https://github.com/romanvm/kodi.external.library</source>
    <news>1.1.2:
- Refresh movies/episodes list after resume/playback state has been updated.</news>
    <reuselanguageinvoker>true</reuselanguageinvoker>
  </extension>
</addon>
