<?xml version="1.0" encoding="UTF-8" standalone="yes"?>
<addon id="repository.GMan" name="G-Man Repository Unofficial" version="0.1.3" provider-name="World">
	<extension point="xbmc.addon.repository" name="Git Mix Repository">
    <dir>
        <info compressed="false">https://github.com/mrgsi/repository.alpha.yt/raw/master/addons.xml</info>
        <checksum>https://github.com/mrgsi/repository.alpha.yt/raw/master/addons.xml.md5</checksum>
        <datadir zip="true">https://raw.githubusercontent.com/mrgsi/repository.alpha.yt/master/</datadir>
    </dir>  
    <dir>
        <info compressed="false">https://github.com/mrgsi/repository.allanime/raw/master/addons.xml</info>
        <checksum>https://github.com/mrgsi/repository.allanime/raw/master/addons.xml.md5</checksum>
        <datadir zip="true">https://raw.githubusercontent.com/mrgsi/repository.allanime/master/</datadir>
    </dir> 
    <dir>
        <info compressed="false">https://raw.githubusercontent.com/mrgsi/repository.gsource/master/addons.xml</info>       <checksum>https://raw.githubusercontent.com/mrgsi/repository.gsource/master/addons.xml.md5</checksum>
        <datadir zip="true">https://raw.githubusercontent.com/mrgsi/repository.gsource/master/</datadir>
    </dir>   
    <dir>
        <info compressed="false">https://github.com/mrgsi/repository.topg/raw/master/addons.xml</info>
        <checksum>https://github.com/mrgsi/repository.topg/raw/master/addons.xml.md5</checksum>
        <datadir zip="true">https://raw.githubusercontent.com/mrgsi/repository.topg/master/</datadir>
    </dir> 
    <dir>
        <info compressed="false">https://github.com/mrgsi/repository.dirtyg/raw/master/addons.xml</info>
        <checksum>https://github.com/mrgsi/repository.dirtyg/raw/master/addons.xml.md5</checksum>
        <datadir zip="true">https://raw.githubusercontent.com/mrgsi/repository.dirtyg/master/</datadir>
    </dir>     
    <dir>
        <info compressed="false">https://github.com/mrgsi/repository.gtube/raw/master/addons.xml</info>
        <checksum>https://github.com/mrgsi/repository.gtube/raw/master/addons.xml.md5</checksum>
        <datadir zip="true">https://raw.githubusercontent.com/mrgsi/repository.gtube/master/</datadir>
    </dir>  
    <dir>
        <info compressed="false">https://github.com/mrgsi/repository.wnt2/raw/master/addons.xml</info>
        <checksum>https://github.com/mrgsi/repository.wnt2/raw/master/addons.xml.md5</checksum>
        <datadir zip="true">https://raw.githubusercontent.com/mrgsi/repository.wnt2/master/</datadir>
    </dir>  
    <dir>
        <info compressed="false">https://github.com/mrgsi/repository.freeg/raw/master/addons.xml</info>
        <checksum>https://github.com/mrgsi/repository.freeg/raw/master/addons.xml.md5</checksum>
        <datadir zip="true">https://raw.githubusercontent.com/mrgsi/repository.freeg/master/</datadir>
    </dir>  
    <dir>
        <info compressed="false">https://raw.githubusercontent.com/mrgsi/repository.glive/master/addons.xml</info>   <checksum>https://raw.githubusercontent.com/mrgsi/repository.glive/master/addons.xml.md5</checksum>
        <datadir zip="true">https://raw.githubusercontent.com/mrgsi/repository.glive/master/</datadir>
    </dir>   
    <dir>
        <info compressed="false">https://github.com/mrgsi/repository.gsports/raw/master/addons.xml</info>
        <checksum>https://github.com/mrgsi/repository.gsports/raw/master/addons.xml.md5</checksum>
        <datadir zip="true">https://raw.githubusercontent.com/mrgsi/repository.gsports/master/</datadir>
    </dir>  
    <dir>
        <info compressed="false">https://raw.githubusercontent.com/mrgsi/repository.gscribe/master/addons.xml</info>       <checksum>https://raw.githubusercontent.com/mrgsi/repository.gscribe/master/addons.xml.md5</checksum>
        <datadir zip="true">https://raw.githubusercontent.com/mrgsi/repository.gscribe/master/</datadir>
    </dir>
    <dir>
		<info>https://raw.github.com/pkscout/repository.skins.pkscout/nexus/addons.xml</info>
		<checksum>https://raw.github.com/pkscout/repository.skins.pkscout/nexus/addons.xml.md5</checksum>
		<datadir zip="true">https://raw.github.com/pkscout/repository.skins.pkscout/nexus/download</datadir>
		<artdir>https://raw.github.com/pkscout/repository.skins.pkscout/nexus/download</artdir>
	</dir>
			<dir>
				<info compressed="false">https://raw.githubusercontent.com/Gujal00/smrzips/master/addons.xml</info>
				<checksum>https://raw.githubusercontent.com/Gujal00/smrzips/master/addons.xml.md5</checksum>
				<datadir zip="true">https://raw.githubusercontent.com/Gujal00/smrzips/master/zips/</datadir>
			</dir>
	</extension>
	<extension point="xbmc.addon.metadata">
		<summary>G-Man Repository Unofficial</summary>
		<description>G-Man Repository Unofficial</description>
		<platform>all</platform>
		<assets>
			<icon>icon.png</icon>
			<fanart>fanart.jpg</fanart>
		</assets>
	</extension>
</addon>
