<?xml version="1.0" encoding="UTF-8"?>
<window>
    <defaultcontrol always="true">100</defaultcontrol>
    <onload condition="!VideoPlayer.Content(LiveTV)">SetFocus(202)</onload>
    <include>dialogeffect</include>
    <depth>DepthOSD</depth>
    <coordinates>
        <left>0</left>
        <top>0</top>
    </coordinates>
    <controls>
        <control type="button" id="10">
            <description>Close Window button</description>
            <left>126r</left>
            <top>0</top>
            <onup>100</onup>
            <ondown>87</ondown>
            <onclick>Dialog.Close(VideoOSD,true)</onclick>
            <include>DialogCloseButton</include>
            <animation effect="fade" time="150">VisibleChange</animation>
            <visible>system.getbool(input.enablemouse) + ![Window.IsVisible(SliderDialog) | Window.IsVisible(OSDSubtitleSettings) | Window.IsVisible(OSDVideoSettings) | Window.IsVisible(OSDAudioSettings) | Window.IsVisible(VideoBookmarks)]</visible>
            <visible>!String.IsEqual(Player.Filenameandpath,Skin.String(KodiIntroVideo))</visible>
        </control>
        <control type="slider" id="87">
            <depth>DepthOSD+</depth>
            <description>Seek Slider</description>
            <left>645</left>
            <top>172r</top>
            <width>1080</width>
            <height>24</height>
            <onup>10</onup>
            <ondown>100</ondown>
            <action>seek</action>
            <texturesliderbar>seekslider2.png</texturesliderbar>
            <textureslidernib colordiffuse="$VAR[MainColorTwo]">OSD_slider_nibNF.png</textureslidernib>
            <textureslidernibfocus colordiffuse="$VAR[MainColorTwo]">OSD_slider_nib.png</textureslidernibfocus>
            <animation effect="fade" time="150">VisibleChange</animation>
            <animation effect="slide" end="-218,0" time="0" tween="back" easing="out" condition="Skin.HasSetting(HideArtWorkOSD) | [Skin.HasSetting(HideVideoInfoOSD) + Window.IsActive(VideoOSD) + !Player.Paused + !Player.ShowInfo] | [Skin.HasSetting(HideVideoInfoOSD) + Window.IsActive(VideoOSD) + Skin.HasSetting(HideSeekBarPaused) + Player.Paused + !Player.ShowInfo]" reversible="true">Conditional</animation>
            <visible>!String.IsEqual(Player.Filenameandpath,Skin.String(KodiIntroVideo))</visible>
            <visible>![Window.IsVisible(PVROSDGuide) | Window.IsVisible(PVROSDChannels) | Window.IsVisible(SliderDialog) | Window.IsVisible(OSDSubtitleSettings) | Window.IsVisible(OSDVideoSettings) | Window.IsVisible(OSDAudioSettings) | Window.IsVisible(VideoBookmarks) | VideoPlayer.Content(LiveTV)]</visible>
        </control>
        <control type="grouplist" id="100">
            <left>488</left>
            <top>140r</top>
            <orientation>horizontal</orientation>
            <itemgap>0</itemgap>
            <onup>87</onup>
            <ondown>10</ondown>
            <animation effect="fade" time="150">VisibleChange</animation>
            <animation effect="slide" end="-218,0" time="0" tween="back" easing="out" condition="Skin.HasSetting(HideArtWorkOSD) | [Skin.HasSetting(HideVideoInfoOSD) + Window.IsActive(VideoOSD) + !Player.Paused + !Player.ShowInfo] | [Skin.HasSetting(HideVideoInfoOSD) + Window.IsActive(VideoOSD) + Skin.HasSetting(HideSeekBarPaused) + Player.Paused + !Player.ShowInfo]" reversible="true">Conditional</animation>
            <visible>!String.IsEqual(Player.Filenameandpath,Skin.String(KodiIntroVideo))</visible>
            <visible>![Window.IsVisible(PVROSDGuide) | Window.IsVisible(PVROSDChannels) | Window.IsVisible(SliderDialog) | Window.IsVisible(OSDSubtitleSettings) | Window.IsVisible(OSDVideoSettings) | Window.IsVisible(OSDAudioSettings) | Window.IsVisible(VideoBookmarks) | Window.IsVisible(PVROSDChannels) | Window.IsVisible(PVROSDGuide)]</visible>
            <control type="radiobutton" id="607">
                <label>$LOCALIZE[486]$INFO[Playlist.Repeat, : ]</label>
                <font></font>
                <include content="OSDButton">
                    <param name="Size" value="73" />
                    <param name="Texture" value="OSDRepeat" />
                </include>
    <onload condition="!VideoPlayer.Content(LiveTV)">SetFocus(202)</onload>
                <visible>!Playlist.IsRepeat + !Playlist.IsRepeatOne</visible>
                <visible>!VideoPlayer.Content(LiveTV)</visible>
<onclick>PlayerControl(Repeat)</onclick>                
            </control>            
            <control type="radiobutton" id="608">
                <label>$LOCALIZE[486]$INFO[Playlist.Repeat, : ]</label>
                <font></font>
                <include content="OSDButton">
                    <param name="Size" value="73" />
                    <param name="Texture" value="OSDRepeatOne" />
                </include>
    <onload condition="!VideoPlayer.Content(LiveTV)">SetFocus(202)</onload>
                <visible>Playlist.IsRepeatOne</visible>
                <visible>!VideoPlayer.Content(LiveTV)</visible>
                <onclick>PlayerControl(Repeat)</onclick>
            </control>
            <control type="radiobutton" id="609">
                <label>$LOCALIZE[486]$INFO[Playlist.Repeat, : ]</label>
                <font></font>
                <include content="OSDButton">
                    <param name="Size" value="73" />
                    <param name="Texture" value="OSDRepeatAll" />
                </include>
                <visible>Playlist.IsRepeat</visible>
                <visible>!VideoPlayer.Content(LiveTV)</visible>
                <onclick>PlayerControl(Repeat)</onclick>
            </control>
            <control type="radiobutton" id="300">
                <label>210</label>
                <font></font>
                <include content="OSDButton">
                    <param name="Size" value="73" />
                    <param name="Texture" value="OSDChannelUp" />
                </include>
                <onclick>PlayerControl(Previous)</onclick>
                <visible>VideoPlayer.Content(LiveTV)</visible>
            </control>
            <control type="radiobutton" id="301">
                <label>209</label>
                <font></font>
                <include content="OSDButton">
                    <param name="Size" value="73" />
                    <param name="Texture" value="OSDChannelDown" />
                </include>
                <onclick>PlayerControl(Next)</onclick>
                <visible>VideoPlayer.Content(LiveTV)</visible>
            </control>
            <control type="radiobutton" id="302">
                <label>210</label>
                <font></font>
                <include content="OSDButton">
                    <param name="Size" value="73" />
                    <param name="Texture" value="OSDVolUp" />
                </include>
                <onclick>$VAR[VolumeStepUp]</onclick>
                <onclick>VolumeUp</onclick>
                <visible>Skin.HasSetting(EnableVolumeButtons)</visible>
            </control>
            <control type="radiobutton" id="303">
                <label>210</label>
                <font></font>
                <include content="OSDButton">
                    <param name="Size" value="73" />
                    <param name="Texture" value="OSDVolDown" />
                </include>
    <onload condition="!VideoPlayer.Content(LiveTV)">SetFocus(202)</onload>
                <onclick>$VAR[VolumeStepDown]</onclick>
                <onclick>VolumeDown</onclick>
                <visible>Skin.HasSetting(EnableVolumeButtons)</visible>
            </control>
            <control type="radiobutton" id="200">
                <label>210</label>
                <font></font>
                <include content="OSDButton">
                    <param name="Size" value="73" />
                    <param name="Texture" value="OSDPrevTrack" />
                </include>
                <onclick>PlayerControl(Previous)</onclick>
                <visible>!VideoPlayer.Content(LiveTV)</visible>
            </control>
            <control type="radiobutton" id="201">
                <label>31354</label>
                <font></font>
                <include content="OSDButton">
                    <param name="Size" value="73" />
                    <param name="Texture" value="OSDRewind" />
                </include>
                <enable>Player.SeekEnabled</enable>
                <animation effect="fade" start="100" end="50" time="75" condition="!Player.SeekEnabled">Conditional</animation>
                <onclick condition="!Player.Paused + !Player.IsTempo">PlayerControl(Rewind)</onclick>
                <onclick condition="Player.Paused + Player.TempoEnabled">PlayerControl(Play)</onclick>
                <onclick condition="Player.Paused + Player.TempoEnabled">PlayerControl(TempoDown)</onclick>
                <onclick condition="Player.IsTempo + Player.TempoEnabled">PlayerControl(TempoDown)</onclick>
            </control>
            <control type="radiobutton" id="202">
                <label>31351</label>
                <label2>208</label2>
                <font></font>
                <include content="OSDButtonAlt">
                    <param name="Size" value="73" />
                    <param name="Texture" value="OSDPause" />
                    <param name="AltTexture" value="OSDPlay" />
                    <param name="Selected" value="Player.Paused | Player.Forwarding | Player.Rewinding" />
                </include>
                <ondown>106</ondown>
                <onclick>PlayerControl(Play)</onclick>
                <enable>Player.PauseEnabled</enable>
                <animation effect="fade" start="100" end="50" time="75" condition="!Player.PauseEnabled">Conditional</animation>
            </control>
            <control type="radiobutton" id="203">
                <label>31352</label>
                <font></font>
                <include content="OSDButton">
                    <param name="Size" value="73" />
                    <param name="Texture" value="OSDStop" />
                </include>
                <onclick>PlayerControl(Stop)</onclick>
            </control>
            <control type="radiobutton" id="204">
                <label>31353</label>
                <font></font>
                <include content="OSDButton">
                    <param name="Size" value="73" />
                    <param name="Texture" value="OSDForward" />
                </include>
                <enable>Player.SeekEnabled</enable>
                <animation effect="fade" start="100" end="50" time="75" condition="!Player.SeekEnabled">Conditional</animation>
                <onclick condition="!Player.Paused + !Player.IsTempo">PlayerControl(Forward)</onclick>
                <onclick condition="Player.Paused + Player.TempoEnabled">PlayerControl(Play)</onclick>
                <onclick condition="Player.Paused + Player.TempoEnabled">PlayerControl(TempoUp)</onclick>
                <onclick condition="Player.IsTempo + Player.TempoEnabled">PlayerControl(TempoUp)</onclick>
            </control>
            <control type="radiobutton" id="205">
                <label>209</label>
                <font></font>
                <include content="OSDButton">
                    <param name="Size" value="73" />
                    <param name="Texture" value="OSDNextTrack" />
                </include>
                <onclick>PlayerControl(Next)</onclick>
                <visible>!VideoPlayer.Content(LiveTV)</visible>
            </control>
            <control type="radiobutton" id="306">
                <label>19019</label>
                <font></font>
                <include content="OSDButton">
                    <param name="Size" value="73" />
                    <param name="Texture" value="OSDChannelList" />
                </include>
                <onclick>ActivateWindow(PVROSDChannels)</onclick>
                <visible>VideoPlayer.Content(LiveTV)</visible>
            </control>
            <control type="radiobutton" id="307">
                <label>$LOCALIZE[19029]$INFO[VideoPlayer.ChannelName, - ]</label>
                <font></font>
                <include content="OSDButton">
                    <param name="Size" value="73" />
                    <param name="Texture" value="OSDepg" />
                </include>
                <onclick>ActivateWindow(PVRChannelGuide)</onclick>
                <visible>VideoPlayer.Content(LiveTV)</visible>
            </control>
            <control type="radiobutton" id="350">
                <label>31356</label>
                <font></font>
                <include content="OSDButton">
                    <param name="Size" value="73" />
                    <param name="Texture" value="OSDTeleText" />
                </include>
                <onclick>ActivateWindow(Teletext)</onclick>
                <visible>VideoPlayer.Content(LiveTV)</visible>
            </control>
            <control type="image" id="2100">
                <width>146</width>
                <texture></texture>
                <visible>!Skin.HasSetting(EnableVolumeButtons)</visible>
            </control>
            <control type="image" id="2200">
                <width>146</width>
                <texture></texture>
                <visible>!VideoPlayer.Content(LiveTV)</visible>
                <visible>VideoPlayer.HasMenu</visible>
            </control>
            <control type="image" id="2250">
                <width>73</width>
                <texture></texture>
                <visible>!VideoPlayer.Content(LiveTV) + !VideoPlayer.HasMenu + !System.HasAddon(plugin.program.dreamcatcher)</visible>
            </control>
            <control type="image" id="2260">
                <width>73</width>
                <texture></texture>
                <visible>!Skin.String(OSDBtnUsrCmd)</visible>
            </control>
            <control type="image" id="2600">
                <width>146</width>
                <texture></texture>
                <visible>!VideoPlayer.Content(LiveTV) + !VideoPlayer.HasMenu</visible>
            </control>
            <control type="radiobutton" id="251">
                <label>31356</label>
                <font></font>
                <include content="OSDButton">
                    <param name="Size" value="73" />
                    <param name="Texture" value="OSDSubtitles" />
                </include>
                <ondown>101</ondown>
                <onclick>ActivateWindow(OSDSubtitleSettings)</onclick>
            </control>
            <control type="radiobutton" id="252">
                <label>13395</label>
                <font></font>
                <include content="OSDButton">
                    <param name="Size" value="73" />
                    <param name="Texture" value="OSDVideo" />
                </include>
                <ondown>105</ondown>
                <onclick>ActivateWindow(OSDVideoSettings)</onclick>
            </control>
            <control type="radiobutton" id="253">
                <label>13396</label>
                <font></font>
                <include content="OSDButton">
                    <param name="Size" value="73" />
                    <param name="Texture" value="OSDAudio" />
                </include>
                <ondown>102</ondown>
                <onclick>ActivateWindow(OSDAudioSettings)</onclick>
            </control>
            <control type="radiobutton" id="254">
                <label>31359</label>
                <font></font>
                <include content="OSDButton">
                    <param name="Size" value="73" />
                    <param name="Texture" value="OSDUser" />
                </include>
                <ondown>103</ondown>
                <onclick>CodecInfo</onclick>
                <onclick>Dialog.Close(VideoOSD,true)</onclick>
            </control>
            <control type="radiobutton" id="255">
                <label>298</label>
                <font></font>
                <include content="OSDButton">
                    <param name="Size" value="73" />
                    <param name="Texture" value="OSDBookmarks" />
                </include>
                <ondown>104</ondown>
                <onclick>ActivateWindow(VideoBookmarks)</onclick>
                <visible>!VideoPlayer.Content(LiveTV)</visible>
            </control>
            <control type="radiobutton" id="256">
                <label>31355</label>
                <font></font>
                <include content="OSDButton">
                    <param name="Size" value="73" />
                    <param name="Texture" value="OSDDvd" />
                </include>
                <onclick>PlayerControl(ShowVideoMenu)</onclick>
                <enable>VideoPlayer.HasMenu</enable>
                <animation effect="fade" start="100" end="50" time="75" condition="!VideoPlayer.HasMenu">Conditional</animation>
                <visible>!VideoPlayer.Content(LiveTV)</visible>
                <visible>VideoPlayer.HasMenu</visible>
            </control>
            <control type="radiobutton" id="353">
                <label>264</label>
                <label2>265</label2>
                <font></font>
                <include content="OSDButtonAlt">
                    <param name="Size" value="73" />
                    <param name="Texture" value="OSDRecordOff" />
                    <param name="AltTexture" value="OSDRecordOn" />
                    <param name="Selected" value="PVR.IsRecordingPlayingChannel" />
                </include>
                <onclick>PVR.ToggleRecordPlayingChannel</onclick>
                <enable>PVR.CanRecordPlayingChannel</enable>
                <animation effect="fade" start="100" end="50" time="75" condition="!PVR.CanRecordPlayingChannel">Conditional</animation>
                <visible>VideoPlayer.Content(LiveTV)</visible>
            </control>
            <control type="radiobutton" id="206">
                <label>264</label>
                <font></font>
                <include content="OSDButton">
                    <param name="Size" value="73" />
                    <param name="Texture" value="OSDRecordOff" />
                </include>
                <onclick>RunPlugin(plugin://plugin.program.dreamcatcher/?mode=Record)</onclick>
                <visible>!VideoPlayer.Content(LiveTV) + !VideoPlayer.HasMenu + System.HasAddon(plugin.program.dreamcatcher)</visible>
            </control>
					<control type="button" id="888">
						<texturefocus>shutdownbuttonfocus.png</texturefocus>
						<texturenofocus>shutdownbuttonnofocus.png</texturenofocus>
						<label>[B]System[CR]Information[/B]</label>
						<width>180</width>
						<height>65</height>
						<align>center</align>
						<font>fontContextMenu</font>
						<textcolor>grey</textcolor>
						<shadowcolor>black</shadowcolor>
						<aspectratio>keep</aspectratio>
						RunScript("special://skin/xml/VideoSettings.py")
RunScript("special://skin/xml/VideoSettings.py")						<onclick>RunScript("special://skin/xml/systeminfo.py")</onclick>
						<oninfo>Dialog.Close(all,true)</oninfo>
					</control>
        </control>
				<control type="grouplist" id="101">
					<top>70r</top>
					<left>1165</left>
					<height>344</height>
					<width>100%</width>
					<onup>251</onup>
					<scrolltime tween="sine">200</scrolltime>
					<orientation>horizontal</orientation>
					<itemgap>0</itemgap>
					<visible>Control.HasFocus(251)  | Control.HasFocus(713) | Control.HasFocus(714) | Control.HasFocus(715) | Control.HasFocus(716) | Control.HasFocus(717)</visible>
					<include>VisibleFadeAnimation</include>
					<control type="button" id="713">
						<texturefocus>shutdownbuttonfocus.png</texturefocus>
						<texturenofocus>shutdownbuttonnofocus.png</texturenofocus>
						<label>[B]Αναζήτηση[/B]</label>
						<width>180</width>
						<height>50</height>
						<align>center</align>
						<font>fontContextMenu</font>
						<textcolor>dimgray</textcolor>
			<focusedcolor>white</focusedcolor>
						<shadowcolor>black</shadowcolor>
						<aspectratio>keep</aspectratio>
						<onclick>RunScript("special://skin/xml/SearchSubsSettings.py")</onclick>
						<oninfo>Dialog.Close(all,true)</oninfo>
					</control>
					<control type="button" id="714">
						<texturefocus>shutdownbuttonfocus.png</texturefocus>
						<texturenofocus>shutdownbuttonnofocus.png</texturenofocus>
						<label>[B]Λήψη[/B]</label>
						<width>120</width>
						<height>50</height>
						<align>center</align>
						<font>fontContextMenu</font>
						<textcolor>dimgray</textcolor>
			<focusedcolor>white</focusedcolor>
						<shadowcolor>black</shadowcolor>
						<aspectratio>keep</aspectratio>
						<onclick>ActivateWindow(SubtitleSearch)</onclick>
						<oninfo>Dialog.Close(all,true)</oninfo>
					</control>
					<control type="button" id="715">
						<texturefocus>shutdownbuttonfocus.png</texturefocus>
						<texturenofocus>shutdownbuttonnofocus.png</texturenofocus>
						<label>[B]On/Off[/B]</label>
						<width>120</width>
						<height>50</height>
						<align>center</align>
						<font>fontContextMenu</font>
						<textcolor>dimgray</textcolor>
			<focusedcolor>white</focusedcolor>
						<shadowcolor>black</shadowcolor>
						<aspectratio>keep</aspectratio>
						<onclick>Action(ShowSubtitles)</onclick>
						<oninfo>Dialog.Close(all,true)</oninfo>
					</control>
					<control type="button" id="716">
						<texturefocus>shutdownbuttonfocus.png</texturefocus>
						<texturenofocus>shutdownbuttonnofocus.png</texturenofocus>
						<label>[B]Sync[/B]</label>
						<width>120</width>
						<height>50</height>
						<align>center</align>
						<font>fontContextMenu</font>
						<textcolor>dimgray</textcolor>
			<focusedcolor>white</focusedcolor>
						<shadowcolor>black</shadowcolor>
						<aspectratio>keep</aspectratio>
						<onclick>subtitledelay</onclick>
						<oninfo>Dialog.Close(all,true)</oninfo>
					</control>
					<control type="button" id="717">
						<texturefocus>shutdownbuttonfocus.png</texturefocus>
						<texturenofocus>shutdownbuttonnofocus.png</texturenofocus>
						<label>[B]Ρυθμίσεις[/B]</label>
						<width>200</width>
						<height>50</height>
						<align>center</align>
						<font>fontContextMenu</font>
						<textcolor>dimgray</textcolor>
			<focusedcolor>white</focusedcolor>
						<shadowcolor>black</shadowcolor>
						<aspectratio>keep</aspectratio>
						<onclick>RunScript("special://skin/xml/SubsSettings.py")</onclick>
						<oninfo>Dialog.Close(all,true)</oninfo>
					</control>
				</control>
				<control type="grouplist" id="102">
					<top>70r</top>
					<left>1330</left>
					<height>344</height>
					<width>100%</width>
					<onup>253</onup>
					<scrolltime tween="sine">200</scrolltime>
					<orientation>horizontal</orientation>
					<itemgap>0</itemgap>
					<visible>Control.HasFocus(253) | Control.HasFocus(718) | Control.HasFocus(719) | Control.HasFocus(720) | Control.HasFocus(721)</visible>
					<include>VisibleFadeAnimation</include>
					<control type="button" id="718">
						<texturefocus>shutdownbuttonfocus.png</texturefocus>
						<texturenofocus>shutdownbuttonnofocus.png</texturenofocus>
						<label>[B]Ηχητ.Ροή[/B]</label>
						<width>160</width>
						<height>50</height>
						<align>center</align>
						<font>fontContextMenu</font>
						<textcolor>dimgray</textcolor>
			<focusedcolor>white</focusedcolor>
						<shadowcolor>black</shadowcolor>
						<aspectratio>keep</aspectratio>
						<onclick>RunScript("special://skin/xml/AudioFlow.py")</onclick>
						<oninfo>Dialog.Close(all,true)</oninfo>
					</control>
					<control type="button" id="719">
						<texturefocus>shutdownbuttonfocus.png</texturefocus>
						<texturenofocus>shutdownbuttonnofocus.png</texturenofocus>
						<label>[B]Ένταση[/B]</label>
						<width>120</width>
						<height>50</height>
						<align>center</align>
						<font>fontContextMenu</font>
						<textcolor>dimgray</textcolor>
			<focusedcolor>white</focusedcolor>
						<shadowcolor>black</shadowcolor>
						<aspectratio>keep</aspectratio>
						<onclick>ActivateWindow(GameVolume)</onclick>
						<oninfo>Dialog.Close(all,true)</oninfo>
						<invisible>!Window.IsActive(gamevolume)</invisible>
					</control>
					<control type="button" id="720">
						<texturefocus>shutdownbuttonfocus.png</texturefocus>
						<texturenofocus>shutdownbuttonnofocus.png</texturenofocus>
						<label>[B]Sync[/B]</label>
						<width>120</width>
						<height>50</height>
						<align>center</align>
						<font>fontContextMenu</font>
						<textcolor>dimgray</textcolor>
			<focusedcolor>white</focusedcolor>
						<shadowcolor>black</shadowcolor>
						<aspectratio>keep</aspectratio>
						<onclick>audiodelay</onclick>
						<oninfo>Dialog.Close(all,true)</oninfo>
					</control>
					<control type="button" id="721">
						<texturefocus>shutdownbuttonfocus.png</texturefocus>
						<texturenofocus>shutdownbuttonnofocus.png</texturenofocus>
						<label>[B]Ρυθμίσεις[/B]</label>
						<width>160</width>
						<height>50</height>
						<align>center</align>
						<font>fontContextMenu</font>
						<textcolor>dimgray</textcolor>
			<focusedcolor>white</focusedcolor>
						<shadowcolor>black</shadowcolor>
						<aspectratio>keep</aspectratio>
						<onclick>RunScript("special://skin/xml/AudioSettings.py")</onclick>
						<oninfo>Dialog.Close(all,true)</oninfo>
					</control>
				</control>
				<control type="grouplist" id="103">
					<top>77r</top>
					<left>1575</left>
					<height>344</height>
					<width>100%</width>
					<onup>254</onup>
					<scrolltime tween="sine">200</scrolltime>
					<orientation>horizontal</orientation>
					<itemgap>0</itemgap>
					<visible>Control.HasFocus(254) | Control.HasFocus(722)</visible>
					<include>VisibleFadeAnimation</include>
					<control type="button" id="722">
						<texturefocus>shutdownbuttonnofocus2.png</texturefocus>
						<texturenofocus>shutdownbuttonnofocus.png</texturenofocus>
						<label>player[CR]debug</label>
						<width>100</width>
						<height>75</height>
						<align>center</align>
						<font>fontContextMenu</font>
						<textcolor>dimgray</textcolor>
			<focusedcolor>white</focusedcolor>
						<shadowcolor>black</shadowcolor>
						<aspectratio>keep</aspectratio>
						<onclick>playerdebug</onclick>
						<oninfo>Dialog.Close(all,true)</oninfo>
					</control>
				</control>
				<control type="grouplist" id="104">
					<top>70r</top>
					<left>1635</left>
					<height>344</height>
					<width>100%</width>
					<onup>255</onup>
					<scrolltime tween="sine">200</scrolltime>
					<orientation>horizontal</orientation>
					<itemgap>0</itemgap>
					<visible>Control.HasFocus(255) | Control.HasFocus(723)</visible>
					<include>VisibleFadeAnimation</include>
					<control type="button" id="723">
						<texturefocus>shutdownbuttonnofocus2.png</texturefocus>
						<texturenofocus>shutdownbuttonnofocus.png</texturenofocus>
						<label>Skin[CR]Switche</label>
						<width>120</width>
						<height>70</height>
						<align>center</align>
						<font>fontContextMenu</font>
						<textcolor>dimgray</textcolor>
			<focusedcolor>white</focusedcolor>
						<shadowcolor>black</shadowcolor>
						<aspectratio>keep</aspectratio>
						<onclick>PlayMedia("plugin://script.skinswitcher/?url=url&amp;mode=1&amp;name=Click+here+to+change+skins+&amp;iconimage=C%3A%5CPortableApps%5Ckodi%5Ckodi+World+20%5CKodi%5Cportable_data%5Caddons%5Cscript.skinswitcher%5Cicon.png&amp;fanart=C%3A%5CPortableApps%5Ckodi%5Ckodi+World+20%5CKodi%5Cportable_data%5Caddons%5Cscript.skinswitcher%5Cfanart.jpg")</onclick>
						<onclick>Action(Close)</onclick>
						<oninfo>Dialog.Close(all,true)</oninfo>
					</control>
				</control>
				<control type="grouplist" id="105">
					<top>68r</top>
					<left>1400</left>
					<height>344</height>
					<width>100%</width>
					<onup>252</onup>
					<scrolltime tween="sine">200</scrolltime>
					<orientation>horizontal</orientation>
					<itemgap>0</itemgap>
					<visible>Control.HasFocus(252 ) | Control.HasFocus(724) | Control.HasFocus(725) | Control.HasFocus(726 )</visible>
					<include>VisibleFadeAnimation</include>
					<control type="button" id="724">
						<texturefocus>shutdownbuttonnofocus2.png</texturefocus>
						<texturenofocus>shutdownbuttonnofocus.png</texturenofocus>
						<label>[B]Προβολή[/B]</label>
						<width>160</width>
						<height>50</height>
						<align>center</align>
						<font>fontContextMenu</font>
						<textcolor>dimgray</textcolor>
			<focusedcolor>white</focusedcolor>
						<shadowcolor>black</shadowcolor>
						<aspectratio>keep</aspectratio>

Action(Close)						
												
    
<onclick>RunScript("special://skin/xml/VideoShow.py")</onclick><oninfo>Dialog.Close(all,true)</oninfo>
					</control>
					<control type="button" id="725">
						<texturefocus>shutdownbuttonnofocus2.png</texturefocus>
						<texturenofocus>shutdownbuttonnofocus.png</texturenofocus>
						<label>[B]Ratio[/B]</label>
						<width>140</width>
						<height>50</height>
						<align>center</align>
						<font>fontContextMenu</font>
						<textcolor>dimgray</textcolor>
			<focusedcolor>white</focusedcolor>
						<shadowcolor>black</shadowcolor>
						<aspectratio>keep</aspectratio>

Action(Close)						
												
    
<onclick>RunScript("special://skin/xml/VideoZoom.py")</onclick><oninfo>Dialog.Close(all,true)</oninfo>
					</control>
					<control type="button" id="726">
						<texturefocus>shutdownbuttonnofocus2.png</texturefocus>
						<texturenofocus>shutdownbuttonnofocus.png</texturenofocus>
						<label>[B]Ρυθμίσεις[/B]</label>
						<width>200</width>
						<height>50</height>
						<align>center</align>
						<font>fontContextMenu</font>
						<textcolor>dimgray</textcolor>
			<focusedcolor>white</focusedcolor>
						<shadowcolor>black</shadowcolor>
						<aspectratio>keep</aspectratio>

Action(Close)						
												
    
<onclick>RunScript("special://skin/xml/VideoSettings.py")</onclick><oninfo>Dialog.Close(all,true)</oninfo>
					</control>
				</control>
				<control type="grouplist" id="106">
					<top>68r</top>
					<left>815</left>
					<height>344</height>
					<width>100%</width>
					<onup>202</onup>
					<scrolltime tween="sine">200</scrolltime>
					<orientation>horizontal</orientation>
					<itemgap>0</itemgap>
					<visible>Control.HasFocus(202 ) | Control.HasFocus(727)</visible>
					<include>VisibleFadeAnimation</include>
					<control type="button" id="727">
						<texturefocus>TakeScreenshot/Screenshot1.png</texturefocus>
						<texturenofocus>TakeScreenshot/Screenshot2.png</texturenofocus>
						<width>160</width>
						<height>30</height>
						<align>center</align>
						<font>fontContextMenu</font>
						<textcolor>white</textcolor>
						<shadowcolor>black</shadowcolor>
						<aspectratio>keep</aspectratio>

Action(Close)						
												
    
<onclick>Notification("Προσοχή!","TakeScreenshot",5000,TakeScreenshot/TakeScreenshot.png)</onclick><onclick>screenshot</onclick><oninfo>Dialog.Close(all,true)</oninfo>
					</control>
				</control>
        <control type="button" id="520">
            <description>Fake button for mouse control</description>
            <right>325</right>
            <bottom>90</bottom>
            <width>384</width>
            <height>315</height>
            <label></label>
            <font></font>
            <texturenofocus></texturenofocus>
            <texturefocus></texturefocus>
            <animation effect="slide" start="0,0" end="73,0" time="0" condition="VideoPlayer.Content(LiveTV)">Conditional</animation>
            <visible>Control.HasFocus(520) | Control.HasFocus(255) | ControlGroup(500).HasFocus</visible>
        </control>
        <control type="grouplist" id="500">
            <depth>DepthOSD+</depth>
            <visible>videoplayer.isstereoscopic + ![Window.IsVisible(SliderDialog) | Window.IsVisible(OSDSubtitleSettings) | Window.IsVisible(OSDVideoSettings) | Window.IsVisible(OSDAudioSettings) | Window.IsVisible(VideoBookmarks) | Window.IsVisible(PVROSDChannels) | Window.IsVisible(PVROSDGuide)] + [Control.HasFocus(255) | ControlGroup(500).HasFocus | Control.HasFocus(520)]</visible>
            <animation effect="fade" time="150">VisibleChange</animation>
            <animation effect="slide" start="0,0" end="73,0" time="0" condition="VideoPlayer.Content(LiveTV)">Conditional</animation>
            <right>325</right>
            <bottom>68</bottom>
            <width>384</width>
            <height>330</height>
            <itemgap>0</itemgap>
            <onleft>500</onleft>
            <onright>500</onright>
            <onup>255</onup>
            <ondown>255</ondown>
            <orientation>vertical</orientation>
            <visible>Control.HasFocus(255) | ControlGroup(500).HasFocus | Control.HasFocus(520)</visible>
            <include>VisibleFadeEffect</include>
            <control type="group">
                <description>Header</description>
                <width>384</width>
                <height>60</height>
                <control type="image">
                    <description>Header</description>
                    <left>0</left>
                    <top>0</top>
                    <width>384</width>
                    <height>60</height>
                    <texture border="20,18,20,0">$VAR[DialogPath]DialogContextTop.png</texture>
                </control>
                <control type="label">
                    <left>0</left>
                    <top>30</top>
                    <width>384</width>
                    <height>22</height>
                    <font>font12</font>
                    <label>36501</label>
                    <textcolor>$VAR[MainColorOne]</textcolor>
                    <align>center</align>
                    <aligny>center</aligny>
                </control>
            </control>
            <control type="group" id="503">
                <width>384</width>
                <height>60</height>
                <control type="image">
                    <description>background image</description>
                    <left>0</left>
                    <top>0</top>
                    <width>384</width>
                    <height>60</height>
                    <texture border="25,5,25,5">$VAR[DialogPath]DialogContextMiddle.png</texture>
                </control>
                <control type="radiobutton" id="513">
                    <description>---</description>
                    <left>27</left>
                    <top>0</top>
                    <width>330</width>
                    <height>60</height>
                    <onleft>500</onleft>
                    <onright>500</onright>
                    <onup>255</onup>
                    <ondown>502</ondown>
                    <textcolor>grey2</textcolor>
                    <focusedcolor>white</focusedcolor>
                    <textoffsetx>15</textoffsetx>
                    <aligny>center</aligny>
                    <textwidth>306</textwidth>
                    <onclick>ToggleStereoMode</onclick>
                    <selected>Integer.IsGreater(System.StereoscopicMode,0)</selected>
                    <pulseonselect>no</pulseonselect>
                    <font>font13</font>
                    <label>31362</label>
                </control>
            </control>
            <control type="group" id="502">
                <width>384</width>
                <height>60</height>
                <control type="image">
                    <description>background image</description>
                    <left>0</left>
                    <top>0</top>
                    <width>384</width>
                    <height>60</height>
                    <texture border="25,5,25,5">$VAR[DialogPath]DialogContextMiddle.png</texture>
                </control>
                <control type="button" id="512">
                    <description>---</description>
                    <left>27</left>
                    <top>0</top>
                    <width>330</width>
                    <height>60</height>
                    <onleft>500</onleft>
                    <onright>500</onright>
                    <onup>503</onup>
                    <ondown>501</ondown>
                    <textcolor>grey2</textcolor>
                    <focusedcolor>white</focusedcolor>
                    <textoffsetx>15</textoffsetx>
                    <aligny>center</aligny>
                    <textwidth>306</textwidth>
                    <onclick>StereoMode</onclick>
                    <pulseonselect>no</pulseonselect>
                    <font>font13</font>
                    <label>31361</label>
                </control>
            </control>
            <control type="group" id="501">
                <width>384</width>
                <height>60</height>
                <control type="image">
                    <description>background image</description>
                    <left>0</left>
                    <top>0</top>
                    <width>384</width>
                    <height>60</height>
                    <texture border="25,5,25,5">$VAR[DialogPath]DialogContextMiddle.png</texture>
                </control>
                <control type="radiobutton" id="511">
                    <description>---</description>
                    <left>27</left>
                    <top>0</top>
                    <width>330</width>
                    <height>60</height>
                    <onleft>500</onleft>
                    <onright>500</onright>
                    <onup>502</onup>
                    <ondown>255</ondown>
                    <textcolor>grey2</textcolor>
                    <focusedcolor>white</focusedcolor>
                    <textoffsetx>15</textoffsetx>
                    <aligny>center</aligny>
                    <textwidth>306</textwidth>
                    <onclick>StereoModeToMono</onclick>
                    <selected>String.IsEqual(System.StereoscopicMode,9)</selected>
                    <pulseonselect>no</pulseonselect>
                    <font>font13</font>
                    <label>31360</label>
                </control>
            </control>
            <control type="image" id="549">
                <description>Footer</description>
                <width>384</width>
                <height>78</height>
                <texture border="20,0,20,50">$VAR[DialogPath]DialogContextSubBottom.png</texture>
            </control>
        </control>
    </controls>
</window>
