<?xml version="1.0" encoding="UTF-8" standalone="yes"?>
<addon id="plugin.switchback" name="Switchback" version="1.0.0" provider-name="bossanova808">
    <requires>
        <import addon="xbmc.python" version="3.0.0" />
        <import addon="script.module.bossanova808" version="1.0.0" />
        <import addon="script.module.infotagger" version="0.0.7" />
    </requires>
    <!-- The main service entry point, to keep track of playbacks -->
    <extension point="xbmc.service" library="service.py" />
    <!-- ...and a plugin entry point, to handle presenting and playing media from the switchback playlist -->
    <extension point="xbmc.python.pluginsource" library="plugin.py">
        <provides>video audio</provides>
    </extension>
    <!-- ...and a context menu extension point, for another playback mechanism -->
    <extension point="kodi.context.item">
        <menu id="kodi.core.main">
            <item library="context_menu.py" args="switchback">
                <label>Switchback: $INFO[Window(Home).Property(Switchback_Item)]</label>
                <visible>Integer.IsGreater(Window(Home).Property(Switchback_List_Length),1)</visible>
            </item>
            <item library="context_menu.py" args="switchback_list">
                <label>32008</label>
                <visible>Integer.IsGreater(Window(Home).Property(Switchback_List_Length),0)</visible>
            </item>
        </menu>
    </extension>
    <extension point="xbmc.addon.metadata">
        <summary lang="en_GB">Switchback is a Kodi utility for fast switching between recently played media.</summary>
        <description lang="en_GB">
Kodi utility for fast switching between recently played media.
Keeps a list of recently played videos.
The primary intended use is to make for super easy Switchback between two in progress video. See Wiki for usage notes including how to bind remote/keyboard controls for instant Switchback.
Consider this scenario:
* You're watching 'video A' with your partner. You're interrupted, and your partner needs to tend to the kids/howl at the moon.
* You navigate to 'video B' and watch some of that while you're waiting.
* Your partner comes back.
* You hit your one button 'Switchback' and 'video A' instantly starts playing again - no need for tedious navigation etc.
* You're interrupted, again! The moon really is so very bright tonight. Hit your 'Switchback' button to instantly resume 'video B', again with no tedious navigation.
        </description>
        <platform>all</platform>
        <license>GPL-3.0-only</license>
        <website>https://github.com/bossanova808/plugin.switchback/</website>
        <source>https://github.com/bossanova808/plugin.switchback/</source>
        <forum>https://forum.kodi.tv/showthread.php?tid=379330</forum>
        <email>bossanova808@gmail.com</email>
        <news>
            v1.0.0 Initial release
        </news>
        <assets>
            <icon>resources/icon.png</icon>
        </assets>
    </extension>
</addon>