<?xml version="1.0" encoding="UTF-8" standalone="yes"?>
<addon id="script.module.parrot" name="Falcon Utils" version="1.3.5" provider-name="Parrot Developers">
  <requires>		
    <import addon="script.module.requests"/>
  </requires>
  <extension point="xbmc.python.module" library="lib" />
  <extension point="xbmc.addon.metadata">
    <summary>Utilities for addons by Parrot Developers.</summary>
    <description></description>
    <platform>all</platform>
    <assets>
      <icon>icon.jpg</icon>
    </assets>
  </extension>
</addon>
