<?xml version="1.0" encoding="UTF-8" standalone="yes"?>
<addon id="repository.GMan" name="G-Man Repository Unofficial" version="0.1.1" provider-name="World">
	<extension point="xbmc.addon.repository" name="G-Man Repository">
    <dir>
        <info compressed="false">https://github.com/mrgsi/repository.allanime/raw/master/addons.xml</info>
        <checksum>https://github.com/mrgsi/repository.allanime/raw/master/addons.xml.md5</checksum>
        <datadir zip="true">https://raw.githubusercontent.com/mrgsi/repository.allanime/master/</datadir>
    </dir> 
    <dir>
        <info compressed="false">https://raw.githubusercontent.com/pikdum/repository.pikdum/master/repo/zips/addons.xml</info>
        <checksum>https://raw.githubusercontent.com/pikdum/repository.pikdum/master/repo/zips/addons.xml.md5</checksum>
        <datadir zip="true">https://raw.githubusercontent.com/pikdum/repository.pikdum/master/repo/zips/</datadir>
    </dir>
    <dir>
       <info>https://raw.githubusercontent.com/newt-sc/a4kSubtitles/master/packages/addons.xml</info>
       <checksum>https://raw.githubusercontent.com/newt-sc/a4kSubtitles/master/packages/addons.xml.crc</checksum>
       <datadir>https://github.com/newt-sc/a4kSubtitles/archive</datadir>
       <artdir>https://github.com/a4k-openproject/a4kSubtitles/releases/download/v0.0.13</artdir>
    </dir>
    <dir minversion="19.0.0">
        <info compressed="false">https://raw.githubusercontent.com/peno64/repository.peno64/master/matrix/zips/addons.xml</info>
         <checksum>https://raw.githubusercontent.com/peno64/repository.peno64/master/matrix/zips/addons.xml.md5</checksum>
        <datadir zip="true">https://raw.githubusercontent.com/peno64/repository.peno64/master/matrix/zips/</datadir>
    </dir>
    <dir minversion="18.0" maxversion="18.9.9">
        <info compressed="false">https://raw.githubusercontent.com/peno64/repository.peno64/master/leia/zips/addons.xml</info>
     <checksum>https://raw.githubusercontent.com/peno64/repository.peno64/master/leia/zips/addons.xml.md5</checksum>
        <datadir zip="true">https://raw.githubusercontent.com/peno64/repository.peno64/master/leia/zips/</datadir>
    </dir>
    <dir>
        <info compressed="false">https://raw.githubusercontent.com/peno64/repository.peno64/master/repo/zips/addons.xml</info>
       <checksum>https://raw.githubusercontent.com/peno64/repository.peno64/master/repo/zips/addons.xml.md5</checksum>
       <datadir zip="true">https://raw.githubusercontent.com/peno64/repository.peno64/master/repo/zips/</datadir>
    </dir>
   <dir minversion="18.9.0">
        <info compressed="false">https://raw.githubusercontent.com/a4k-openproject/repository.openwizard/master/matrix/zips/addons.xml</info>
        <checksum>https://raw.githubusercontent.com/a4k-openproject/repository.openwizard/master/matrix/zips/addons.xml.md5</checksum>
        <datadir zip="true">https://raw.githubusercontent.com/a4k-openproject/repository.openwizard/master/matrix/zips/</datadir>
    </dir>
    <dir>
        <info compressed="false">http://narcacist.com/_repo/addons.xml</info>
        <checksum>http://narcacist.com/_repo/addons.xml.md5</checksum>
        <datadir zip="true">http://narcacist.com/_repo/</datadir>
	</dir>
    <dir>
        <info compressed="false">https://raw.githubusercontent.com/jewbmx/repo/master/addons.xml</info>
        <checksum>https://raw.githubusercontent.com/jewbmx/repo/master/addons.xml.md5</checksum>
        <datadir zip="true">https://raw.githubusercontent.com/jewbmx/repo/master/zips/</datadir>
    </dir>
    <dir>
        <info compressed="false">https://raw.githubusercontent.com/CocoJoe2411/repository.cocoscrapers/master/zips/addons.xml</info>
        <checksum>https://raw.githubusercontent.com/CocoJoe2411/repository.cocoscrapers/master/zips/addons.xml.md5</checksum>
        <datadir zip="true">https://raw.githubusercontent.com/CocoJoe2411/repository.cocoscrapers/master/zips/</datadir>
    </dir>    
    <dir minversion="18.9.701">
        <info compressed="false">https://raw.githubusercontent.com/umbrellaplug/umbrellaplug.github.io/master/matrix/zips/addons.xml</info>
        <checksum>https://raw.githubusercontent.com/umbrellaplug/umbrellaplug.github.io/master/matrix/zips/addons.xml.md5</checksum>
        <datadir zip="true">https://raw.githubusercontent.com/umbrellaplug/umbrellaplug.github.io/master/matrix/zips/</datadir>
    </dir>
     <dir minversion="19.9.1">
        <info compressed="false">https://raw.githubusercontent.com/jurialmunkey/repository.jurialmunkey/master/nexusrepo/zips/addons.xml</info>
        <checksum>https://raw.githubusercontent.com/jurialmunkey/repository.jurialmunkey/master/nexusrepo/zips/addons.xml.md5</checksum>
        <datadir zip="true">https://raw.githubusercontent.com/jurialmunkey/repository.jurialmunkey/master/nexusrepo/zips/</datadir>
    </dir>     
    <dir minversion="18.9.0" maxversion="19.9.0">
        <info compressed="false">https://raw.githubusercontent.com/jurialmunkey/repository.jurialmunkey/master/matrix/zips/addons.xml</info>
         <checksum>https://raw.githubusercontent.com/jurialmunkey/repository.jurialmunkey/master/matrix/zips/addons.xml.md5</checksum>
        <datadir zip="true">https://raw.githubusercontent.com/jurialmunkey/repository.jurialmunkey/master/matrix/zips/</datadir>
     </dir>
    <dir>
		<info compressed="false">https://raw.githubusercontent.com/thecrewwh/zips/master/matrix/_zip/addons.xml</info>
        <checksum>https://raw.githubusercontent.com/thecrewwh/zips/master//matrix/_zip/addons.xml.md5</checksum>
		<datadir zip="true">https://raw.githubusercontent.com/thecrewwh/zips/master//matrix/_zip</datadir>
	</dir>
    <dir>
        <info compressed="false">https://raw.githubusercontent.com/mrgsi/repository.gsource/master/addons.xml</info>       <checksum>https://raw.githubusercontent.com/mrgsi/repository.gsource/master/addons.xml.md5</checksum>
        <datadir zip="true">https://raw.githubusercontent.com/mrgsi/repository.gsource/master/</datadir>
    </dir>   
    <dir>
        <info compressed="false">https://github.com/mrgsi/repository.topg/raw/master/addons.xml</info>
        <checksum>https://github.com/mrgsi/repository.topg/raw/master/addons.xml.md5</checksum>
        <datadir zip="true">https://raw.githubusercontent.com/mrgsi/repository.topg/master/</datadir>
    </dir> 
    <dir>	
		<info compressed="false">https://raw.githubusercontent.com/xbmc-adult/xbmc-adult/ghmaster/addons.xml</info>
		<checksum>https://raw.githubusercontent.com/xbmc-adult/xbmc-adult/ghmaster/addons.xml.md5</checksum>
		<datadir zip="true">https://raw.githubusercontent.com/xbmc-adult/xbmc-adult/ghmaster</datadir>
	</dir>
    <dir>
        <info compressed="false">https://fr33p0rt-kodi.gitlab.io/repo/18/addons.xml</info>
         <checksum>https://fr33p0rt-kodi.gitlab.io/repo/18/addons.xml.md5</checksum>
        <datadir zip="true">https://fr33p0rt-kodi.gitlab.io/repo/18</datadir>
    </dir>
    <dir>
        <info compressed="false">https://raw.githubusercontent.com/dobbelina/repository.dobbelina/master/addons.xml</info>
         <checksum>https://raw.githubusercontent.com/dobbelina/repository.dobbelina/master/addons.xml.md5</checksum>
        <datadir zip="true">https://raw.githubusercontent.com/dobbelina/repository.dobbelina/master/</datadir>
    </dir>
    <dir>
        <info compressed="false">https://github.com/mrgsi/repository.dirtyg/raw/master/addons.xml</info>
        <checksum>https://github.com/mrgsi/repository.dirtyg/raw/master/addons.xml.md5</checksum>
        <datadir zip="true">https://raw.githubusercontent.com/mrgsi/repository.dirtyg/master/</datadir>
    </dir>     
    <dir>
        <info compressed="false">https://Rockodi.com/Kodi-19/addons.xml</info>
        <checksum>https://Rockodi.com/Kodi-19/addons.xml.md5</checksum>
        <datadir zip="true">https://Rockodi.com/Kodi-19/</datadir>
    </dir>
    <dir>
        <info compressed="false">http://j1wizard.net/butter-addons/_repo/addons.xml</info>
        <checksum>http://j1wizard.net/butter-addons/_repo/addons.xml.md5</checksum>
        <datadir zip="true">http://j1wizard.net/butter-addons/_repo/</datadir>
    </dir>        
    <dir>
        <info compressed="false">https://github.com/mrgsi/repository.gtube/raw/master/addons.xml</info>
        <checksum>https://github.com/mrgsi/repository.gtube/raw/master/addons.xml.md5</checksum>
        <datadir zip="true">https://raw.githubusercontent.com/mrgsi/repository.gtube/master/</datadir>
    </dir>  
    <dir minversion="18.9.0">
        <info compressed="false">https://raw.github.com/jmooremcc/Repository.jmooremcc/master/addons.xml</info> <checksum>https://raw.github.com/jmooremcc/Repository.jmooremcc/master/addons.xml.md5</checksum>
	    <datadir zip="true">https://raw.github.com/jmooremcc/Repository.jmooremcc/master</datadir>
    </dir>
    <dir>
        <info compressed="true">https://github.com/zach-morris/repository.zachmorris/raw/master/addons.xml</info>
        <checksum>https://github.com/zach-morris/repository.zachmorris/raw/master/addons.xml.md5</checksum>
        <datadir zip="true">https://raw.githubusercontent.com/zach-morris/repository.zachmorris/master/</datadir>
    </dir>
    <dir>
        <info compressed="false">https://github.com/mrgsi/repository.wnt2/raw/master/addons.xml</info>
        <checksum>https://github.com/mrgsi/repository.wnt2/raw/master/addons.xml.md5</checksum>
        <datadir zip="true">https://raw.githubusercontent.com/mrgsi/repository.wnt2/master/</datadir>
    </dir>  
    <dir>
        <info compressed="false">https://github.com/mrgsi/repository.freeg/raw/master/addons.xml</info>
        <checksum>https://github.com/mrgsi/repository.freeg/raw/master/addons.xml.md5</checksum>
        <datadir zip="true">https://raw.githubusercontent.com/mrgsi/repository.freeg/master/</datadir>
    </dir>  
    <dir>
        <info compressed="false">https://raw.githubusercontent.com/mrgsi/repository.gsource/master/addons.xml</info>       <checksum>https://raw.githubusercontent.com/mrgsi/repository.gsource/master/addons.xml.md5</checksum>
        <datadir zip="true">https://raw.githubusercontent.com/mrgsi/repository.gsource/master/</datadir>
    </dir>   
    <dir>
		<info compressed="false">https://mullafabz.xyz/Plugins/K19/Plugins/addons.xml</info>
		<checksum>https://mullafabz.xyz/Plugins/K19/Plugins/addons.xml.md5</checksum>
		<datadir zip="true">https://mullafabz.xyz/Plugins/K19/Plugins/</datadir>
	</dir>
    <dir>
        <info compressed="false">https://raw.githubusercontent.com/mrgsi/repository.glive/master/addons.xml</info>   <checksum>https://raw.githubusercontent.com/mrgsi/repository.glive/master/addons.xml.md5</checksum>
        <datadir zip="true">https://raw.githubusercontent.com/mrgsi/repository.glive/master/</datadir>
    </dir>   
    <dir>
        <info compressed="false">https://github.com/mrgsi/repository.gsports/raw/master/addons.xml</info>
        <checksum>https://github.com/mrgsi/repository.gsports/raw/master/addons.xml.md5</checksum>
        <datadir zip="true">https://raw.githubusercontent.com/mrgsi/repository.gsports/master/</datadir>
    </dir>  
    <dir>
        <info compressed="false">https://raw.githubusercontent.com/Dis90/repository.dis90/matrix/zips/addons.xml</info>
        <checksum>https://raw.githubusercontent.com/Dis90/repository.dis90/matrix/zips/addons.xml.md5</checksum>
       <datadir zip="true">https://raw.githubusercontent.com/Dis90/repository.dis90/matrix/zips/</datadir>
    </dir>
    <dir minversion="19.0.0">
		<info compressed="false">https://github.com/CastagnaIT/repository.castagnait/raw/kodi/kodi19/addons.xml</info>
        <checksum>https://github.com/CastagnaIT/repository.castagnait/raw/kodi/kodi19/addons.xml.md5</checksum>
		<datadir zip="true">https://github.com/CastagnaIT/repository.castagnait/raw/kodi/kodi19</datadir>
	</dir>
    <dir>
        <info compressed="false">https://k.slyguy.xyz/.repo/addons.xml</info>
        <checksum>https://k.slyguy.xyz/.repo/addons.xml.md5</checksum>
        <datadir zip="true">https://k.slyguy.xyz/.repo/</datadir>
    </dir>
    <dir>
        <info compressed="false">https://raw.githubusercontent.com/Sandmann79/xbmc/master/packages-py3/addons.xml</info>
        <checksum>https://raw.githubusercontent.com/Sandmann79/xbmc/master/packages-py3/addons.xml.md5</checksum>
		<datadir zip="true">https://raw.githubusercontent.com/Sandmann79/xbmc/master/packages-py3/</datadir>
    </dir>        
    <dir>
        <info compressed="false">https://raw.githubusercontent.com/mrgsi/repository.gscribe/master/addons.xml</info>       <checksum>https://raw.githubusercontent.com/mrgsi/repository.gscribe/master/addons.xml.md5</checksum>
        <datadir zip="true">https://raw.githubusercontent.com/mrgsi/repository.gscribe/master/</datadir>
    </dir>
			<dir>
				<info compressed="false">https://raw.githubusercontent.com/Gujal00/smrzips/master/addons.xml</info>
				<checksum>https://raw.githubusercontent.com/Gujal00/smrzips/master/addons.xml.md5</checksum>
				<datadir zip="true">https://raw.githubusercontent.com/Gujal00/smrzips/master/zips/</datadir>
			</dir>
	</extension>
	<extension point="xbmc.addon.metadata">
		<summary>World Repository</summary>
		<description>World Build Repo</description>
		<platform>all</platform>
		<assets>
			<icon>icon.png</icon>
			<fanart>fanart.jpg</fanart>
		</assets>
	</extension>
</addon>
