<?xml version="1.0" encoding="UTF-8" standalone="yes"?>
<addon id="plugin.video.ytlite" name="YouTube LITE" version="1.0.9" provider-name="mrfixit2001">
  <requires>
    <import addon="xbmc.python" version="3.0.0"/>
  </requires>
  <extension point="xbmc.python.pluginsource" library="default.py">
        <provides>video</provides>
  </extension>
  <extension point="xbmc.addon.metadata">
    <summary lang="en">Search and Bookmark YouTube Videos</summary>
    <description lang="en">Search and Bookmark YouTube Videos</description>
    <platform>all</platform>
    <assets>
        <icon>icon.png</icon>
    </assets>
  </extension>
</addon>
