<?xml version="1.0" encoding="UTF-8"?>
<addon
  id="skin.20NexusWorld"
  version="4.2.1d"
  name="skin.19MatrixWorld-beta"
  provider-name="Helly,bsoriano">
  <requires>
    <import addon="xbmc.gui" version="5.16.0"/>
    <import addon="script.favourites" version="8.1.2"/>
    <import addon="plugin.image.World" version="19.0.9"/>
    <import addon="plugin.program.autowidget" version="19.0.0"/>
    <import addon="plugin.program.mypreferences" version="19.0.1"/>
    <import addon="plugin.program.simple.favourites" version="0.1.19"/>
    <import addon="plugin.video.favourites" version="0.0.31"/>
    <import addon="plugin.program.downloader19" version="20.1.1"/>
    <import addon="plugin.program.downloaderstartup" version="20.0.0"/>
  </requires>
  <extension
    point="xbmc.gui.skin"
    debugging="flase"
    effectslowdown="0.75">
    <res width="1920" height="1080" aspect="16:9" default="true" folder="xml" />
  </extension>
  <extension point="xbmc.addon.metadata">
    <summary lang="en">eXtended MOD of Confluence skin originally by Jezz_X and CCM by Mudislander.</summary>
    <summary lang="en_US">eXtended MOD of Confluence skin originally by Jezz_X and CCM by Mudislander.</summary>
    <summary lang="nl">Uitgebreide MOD van Confluence skin origineel door Jezz_X en CCM door Mudislander.</summary>
    <description lang="en">Xonfluence is a MOD of Confluence to enable a greater degree of user customisation to the default skin (based by Mudislander's CCM).</description>
    <description lang="en_US">Xonfluence is a MOD of Confluence to enable a greater degree of user customisation to the default skin (based by Mudislander's CCM).</description>
    <description lang="nl">Xonfluence is een MOD van Confluence om een grotere aanpassingsmogelijkheid te geven ten opzichten van de standaard skin (gebaseerd op Mudislander's CCM).</description>
    <disclaimer lang="en">You break it - You get to keep the pieces</disclaimer>
    <disclaimer lang="en_US">You break it - You get to keep the pieces</disclaimer>
    <disclaimer lang="nl">Wie zijn billen brandt - moet op de blaren zitten</disclaimer>
    <platform>all</platform>
	  <license>GNU General Public License version 2</license>
	  <forum>https://forum.kodi.tv/showthread.php?tid=346302</forum>
	  <website></website>
	  <email></email>
	  <source>https://github.com/bartolomesoriano/skin.xonfluence</source>
    <assets>
      <icon>resources/icon.png</icon>
      <fanart>resources/fanart.jpg</fanart>
	    <screenshot>resources/screenshot-01.jpg</screenshot>
	    <screenshot>resources/screenshot-02.jpg</screenshot>
	    <screenshot>resources/screenshot-03.jpg</screenshot>
	    <screenshot>resources/screenshot-04.jpg</screenshot>
	    <screenshot>resources/screenshot-05.jpg</screenshot>
	    <screenshot>resources/screenshot-06.jpg</screenshot>
	    <screenshot>resources/screenshot-07.jpg</screenshot>
	    <screenshot>resources/screenshot-08.jpg</screenshot>
	    <screenshot>resources/screenshot-09.jpg</screenshot>
    </assets>
    <news>See changelog for latest changes</news>
  </extension>
</addon>
